size,motif
15,CASS[LP]GtGsNQPQHF
19,CASSl[DG]R.NQPQHF
4,CSARDRE[GY]SNQPQHF
16,CASS.GqGgNQPQHF
12,CASS.GQggQPQHF
32,CASS[LQ]Gq.nSPLHF
3,CASSSGdGgNQPQHF
132,CASS...[GS]NQPQHF
2,CASSLEAG[GL]NQPQHF
24,CASS.Gt.NQPQHF
11,CASSpGTG[GD]QPQHF
10,CASSRTG[RG][NY]QPQHF
19,CASSLG..SNQPQHF
2,CASSPQG[AE]NQPQHF
15,CASSP[PT]Gg[SG]NQPQHF
15,CASSp.G.GNQPQHF
5,CASS.DRGNSPLHF
2,CASSLGRG[RI]NQPQHF
2,CASSLWTG[RV]NSPLHF
5,CASSPLGGdQPQHF
4,CASSQgGQGSQPQHF
2,CASSLH[QG]ANSPLHF
2,CASSLEG[ST]NSPLHF
5,CASSpRRGNQPQHF
5,CASSV[QS]GDSNQPQHF
2,CAWSVS[GL]GGQPQHF
5,CASSYS[SG]TNQPQHF
6,CASS[HP][SP]GGGQPQHF
8,CASSPS.SNQPQHF
3,CASSRDssNQPQHF
4,CASRRG[DV]LNQPQHF
6,CASSLs[GR]GSNQPQHF
6,CASS.GQG[AL]NSPLHF
2,CASS[QW]GAVNQPQHF
2,CASSPG[AL]NSNQPQHF
3,CASSyRgGYQPQHF
2,CASSLAG[KV]NSPLHF
2,CASRG[ET]ISNQPQHF
9,CASSlGGS[RG]NQPQHF
5,CAS[SR]rDRGNQPQHF
2,CASS[QM]RGVGNQPQHF
2,CSARGGG[GP]NQPQHF
3,CASSQdpGINQPQHF
4,CASSmGRVGNQPQHF
4,CASSQ[DE]RGSNQPQHF
4,CASSV[DG]GANQPQHF
4,CASSyGAGGNQPQHF
2,CASSLGR[DQ]GQPQHF
2,CASSR[RW]EGGNQPQHF
2,CASS[AQ]GRTNQPQHF
2,CASSDQ[GT]GGSPLHF
4,CASSLVGQGNSPLHF
2,CAST[NL]RQGNQPQHF
2,CASSLDG[GH]SNSPLHF
4,CSASQGR[GS]NQPQHF
2,CASS[EP]GGQVQPQHF
4,CASSPDGRNQPQHF
3,CSASrGPpNQPQHF
2,CASSPGT[RG]RNSPLHF
2,CASSEAR[ST]GNQPQHF
2,CASSPRGT[NY]NSPLHF
6,CASSL[GR]GaYNSPLHF
2,CASRGTGA[EG]QPQHF
6,CASSL[QE]GA[DG]QPQHF
2,CASSRD[GT]YSNQPQHF
2,CASSRG[TV]ADQPQHF
6,CASSySg.GQPQHF
4,CASSPGQGvQPQHF
2,CASSL[LM]AGSQPQHF
2,CASSLAR[LP]NQPQHF
4,CASSQGQGAfQPQHF
2,CASSPFPT[AE]NQPQHF
2,CASSLTA[NY]SNQPQHF
3,CASSfqGTGNQPQHF
2,CASSA[PS]GGGGQPQHF
2,CASSP[IL]RGSNQPQHF
2,CASSA[DG]SYSNQPQHF
4,CASSPDSPNQPQHF
3,CASSpsSYNSPLHF
3,CASSrGTGGnSPLHF
2,CSA[TV]RGPSNQPQHF
2,CASSQDP[NG]DQPQHF
2,CASRSQG[AM]GNQPQHF
2,CASR[RF]DRASNQPQHF
2,CASTLGQG[RL]QPQHF
2,CSAR[ST]DYSNQPQHF
3,CASSQSTgdNQPQHF
2,CASSQG[PW]YSNQPQHF
2,CSARGR[AR]GSNQPQHF
2,CASS[QE]GGTGNQPQHF
2,CAWSSG[IT]INQPQHF
2,CSAR[AL]GPPNQPQHF
2,CASI[GI]SSYNSPLHF
2,CAWS[YV]GGGSNQPQHF
2,CA[GT]SPGISNQPQHF
2,CASSEGQD[NL]SPLHF
3,CASSLRG.GNQPQHF
2,CASS[ST]GQTSQPQHF
2,CAW[AS]RTDSNQPQHF
2,CASSPG[RV]ANSPLHF
2,CASSYSR[QT]GDSPLHF
2,CASS[AP]VYYSNQPQHF
2,CASSP[DH]SNSNQPQHF
2,CASSLSS[AS]SNQPQHF
2,CASSRTGA[AE]QPQHF
2,CASSFS[EK]SNQPQHF
2,CASS[LV]RGRDQPQHF
2,CASSFDG[ND]SNQPQHF
2,CSAPQREGA[ND]QPQHF
2,CASSSSGT[GS]NQPQHF
4,CASSLTGGGNQPQHF
2,CASR[KS]GQGGSPLHF
3,CASSlaGGGQPQHF
2,CASSPPGG[LK]SPLHF
2,CASS[AG]QGGGNQPQHF
2,CASS[HP]GGWGQPQHF
2,CASSQ[AQ]GYNSPLHF
2,CASTPG[QP]SNQPQHF
2,CASRVQG[AP]NSPLHF
2,CSAQPG[DG]SNQPQHF
2,CASSA[AT]GDNQPQHF
2,CASSSDR[DS]YNSPLHF
2,CASSYS[RY]TGDQPQHF
2,CASR[RV]QGGNQPQHF
2,CAWSVL[QG]SGQPQHF
2,CASS[GP]GTGNSPLHF
3,CASR.GSSYNSPLHF
2,CASNPGV[SW]NQPQHF
2,CASSP[GF]SISNQPQHF
2,CASSL[WV]PGNQPQHF
2,CASS[LY]RQGGNSPLHF
2,CASSGWTG[AG]NQPQHF
2,CAS[GT]DSSYNSPLHF
2,CASSQES[IP]YNSPLHF
2,CASSLG[RD]THQPQHF
2,CASS[AV]GTDNSPLHF
2,CASSPR[QP]GGNQPQHF
2,CASR[EP]QGRDQPQHF
2,CASS[AL]RTGGNQPQHF
3,CASSLiSGsSTDTQYF
5,CASSPG[GR]SSGANVLTF
2,CASSQEALGR[QT]DTQYF
25,CASSl.gGSSYNEQFF
2,CASS[QI]GGLAGYNEQFF
5,CASSPRLAG[RV]TDTQYF
5,CASS[LP]GQGISGNTIYF
2,CASSL[KV]LAGGTDTQYF
3,CASSLFRE.GPDTQYF
3,CASSQeGgSGANVLTF
2,CASS[RP]GGRDSNQPQHF
2,CAWS[AS]GPRSSYNEQFF
2,CASSLGGG[GT]GTDTQYF
2,CASSQEGRGRRE[ET]QYF
3,CASSlgTSGGTDTQYF
7,CASS[LQ]GLAG[GI]YNEQFF
3,CASSLgTvSGANVLTF
4,CASSPGLAGGPYEQYF
2,CASS[QP]TSGRSSYEQYF
2,CASSLSGTG[DG]LQPQHF
3,CASSQGASGgTdTQYF
2,CASSPA[AV]LAGGETQYF
2,CASS[IT]RLAGNTDTQYF
2,CSARDQLAG[SY]TDTQYF
3,CASSpGLAGiTDTQYF
2,CSARDR[QG]GLGNSPLHF
2,CASSL[RG]GQGNSYEQYF
2,CASSL[ET]GTSGKETQYF
2,CASSL[RV]GGQANTEAFF
2,CASSA[RL]TSGSGNEQFF
2,CASSLTSGG[AT]SYEQYF
8,CASSQE[GS].RSTDTQYF
2,CASSVTSGR[AF]ADTQYF
2,C[RS]VEDMGRGGLHEQFF
3,CASSaGTSGdTDTQYF
2,CASSQVSSS[RY]TDTQYF
2,CASSS[IT]GDSGANVLTF
5,CASS.RTSG[YV]TDTQYF
2,CASSRG[QP]GGSYNEQFF
2,CASSQIKT[GP]GNQPQHF
3,CASSPaGtGLNTEAFF
2,CASSLSGTSG[GW]NEQFF
3,CASSLAGTGGsyEQYF
3,CASSPGQGtmNTEAFF
2,CASSL[AE]LAGVYNEQFF
3,CASShPDGaSTDTQYF
6,CASSLGLAGG[QR]ETQYF
2,CASSPSG[RL]SSYNEQFF
2,CASS[PV]RDRGLGYGYTF
2,CASSPFDS[DS]SGNTIYF
5,CASS[VS][GL]AGGSYNEQFF
2,CASRRLAG[DG]PYNEQFF
3,CASSpLsGSSYNEQFF
2,CASSLVGG[AT]SYNEQFF
2,CASS[DY]STSGGTDTQYF
2,CASSPGLAGG[GT]ETQYF
3,CSArgRGRGGNQPQHF
3,CASSqnRGAGANVLTF
2,CASSLPGLA[HF]YNEQFF
2,CASSL[QV]SSSGANVLTF
3,CASS.GQGSGANVLTF
2,CASSLSSGG[PT]TDTQYF
2,CASS[QP]GTGLSNQPQHF
2,CASSLETGG[FW]NSPLHF
2,CASS[LS]VPGLGTDTQYF
3,CASSESpSGRAYeQYF
3,CASSPLAGG.QETQYF
2,CASSYS[LM]QGGGSPLHF
2,CASSPGTSGSR[EY]TQYF
2,CASS[QF]GLAGGADTQYF
2,CASSLHSG[GP]AGNTIYF
3,CASSyGSGTnTDTQYF
3,CASSLsaGASTDTQYF
2,CASSSPSGG[AG]TDTQYF
4,CASSLRG[GS]SGANVLTF
2,CASS[LP]RTSGGLETQYF
2,CASSSPTGLSG[DG]GYTF
3,CASSPLAGgsTDTQYF
2,CASSLTSGG[NS]TDTQYF
2,CASSPGVGA[SV]NQPQHF
3,CASSSRTSGRiYEQyF
2,CASSQGS[ST]HSNQPQHF
2,CASSPGGG[AP]STDTQYF
2,CASS[AL]RLVSGANVLTF
2,CASSPPGLAG[ND]YEQYF
2,CASSLA[GS]GPSYNEQFF
2,CASSL[FT]GQGATYEQYF
2,CASSQVQSGG[AS]YEQYF
2,CASSL[TV]TGVGANVLTF
3,CASSL.GQGAYNEQFF
2,CASSL[GS]GTSGTDTQYF
2,CASSY[ST]RQSEGNTIYF
2,CSARDASG[RK]SSYEQYF
2,CASSTRTSGG[AV]ETQYF
2,CASSLETSGGL[NG]EQFF
2,CASSQD[QW]GRGNTEAFF
2,CASSLI[AG]GGSTDTQYF
2,CASSE[GW]AGGSTDTQYF
2,CASS[PS]RGSGSSYEQYF
2,CASSL[GS]ASGSYNEQFF
2,CASS[QW]AQATSGNTIYF
2,CASSAR[AR]AGGNSPLHF
2,CASSPS[TV]GGMNTEAFF
2,CASSLST[GY]GSNQPQHF
2,CASSL[AK]SGGHQETQYF
2,CASSQASGT[AQ]NYGYTF
2,CASSLA[IP]GGGTYEQYF
2,CASSL[TY]RSSGANVLTF
2,CASSLG[PT]GNSNQPQHF
2,CAS[GS]RDERQGNTEAFF
2,CASSLGG[RS]LSNQPQHF
2,CASSRSSGTSSPGY[IT]F
2,CASS[AS]GGAAGANVLTF
2,CASS[DP]SEAGGYNEQFF
2,CASSPG[LV]AGGQNEQFF
2,CASSLGQ[ST]SYNSPLHF
2,CASS[QL]DRTGGRETQYF
2,CASS[QM]STGGKNQPQHF
2,CASS[IM]STGQMNTEAFF
2,CASSLDLVG[GL]AETQYF
2,CASSYS[RY]GTGQETQYF
2,CASSVGP[IV]GGNTEAFF
2,CASS[EI]SGTSGSYEQYF
2,CASSP[ET]GQGGNQPQHF
2,CASSLGSGG[RV]YNEQFF
2,CASSV[GV]GGPSYNEQFF
2,CASS[LT]LGQGLSYEQYF
37,CASSl.G.YNEQFF
10,CASSF[SG]Gs[SG]YEQYF
94,CASS.G[TQ]G.YEQYF
8,CASS.TGGgEKLFF
6,CASSQEpgsYEQYF
19,CASSLdG.[TL]DtQYF
2,CASSS[QV]GGTGELFF
57,CASS.g.STDTQYF
20,CASS.G.GTGELFF
41,CASS.gtgnTEAFF
100,CASS.G..nTEAFF
17,CASSLG[QT]G[YN]NEQFF
26,CASSL.GQ.YEQYF
144,CASSl...NTEAFF
63,CASSl.G.SYEQYF
29,CASS..GGsYEQYF
38,CASS...SYNEQFF
5,CASS[PL]wTVNTEAFF
32,CASS.r[DS][GR]sYEQYF
68,CASS..[GS]sGNTIYF
58,CASSL..GTDTQYF
69,CASS..G.qETQYF
14,CASS[PQ]G[RE][LE]NTEAFF
3,CASSQD.GRETQYF
85,CASS..G..TEAFF
21,CASSP.ggaYEQYF
2,CSARRGG[MS]NTEAFF
20,CASSfGTg.YEQYF
2,CSARART[DV]NTEAFF
2,CAS[RS]LSHLNTEAFF
2,CASSVG[AW]ENTEAFF
12,CASS.[QG]G[PA]TDTQYF
6,CASS[LR]LAGtGELFF
10,CASS.lAGGYEQYF
4,CASSGTG[AT]GYEQYF
2,CASS[HS]GGGNEKLFF
2,CASSSRTG[NF]YEQYF
8,CASS[PR]DRGNTEAFF
3,CATsRATGgYEQYF
14,CASS[LA]agG[TG]GELFF
2,CAS[RN]GQGLYNEQFF
3,CASSLSVtgNEQFF
10,CASSsGlA[GW]ETQYF
23,CASS.G[QG]GtDTQYF
52,CASS.G..QETQYF
2,CASS[RS]TSTNEKLFF
3,CASSQD.VGYEQYF
4,CASSLeGSADTQYF
2,CASSDR[AD]TPYEQYF
4,CASSLDRvTDTQYF
2,CASSSR[AG]LSYEQYF
4,CASS.TGGGPQHF
2,CASSRDRG[QG]GEQYF
2,CASSS[TY]DSTDTQYF
20,CASS.GQG.EKLFF
2,CASSEQA[RT]NTEAFF
2,CASS[AR]PDTQETQYF
3,CASSLApGgETQYF
2,CASS[RY]LGSTYEQYF
3,CSAP.SGRKYEQYF
2,CASS[IV]TSGSLEQFF
4,CASSL[AQ]GmSYEQYF
3,CASSrTSGGeTQYF
2,CSARDRGWG[DE]TQYF
3,CASS.NRGQETQYF
16,CASSLGd[RG].YEQYF
5,CASS.GLTGNTIYF
3,CASSySgGGTEAFF
2,CASSLVGP[AS]TEAFF
4,CASSLRGlGETQYF
5,CATSREG[QI]SYEQYF
3,CASReQGAnTEAFF
2,CASS[PS]WTESYEQYF
2,CASSRGT[AV]DNEQFF
6,CASSSRD.TYEQYF
20,CASSL..SSYEQYF
2,CASSLA[RT]GVETQYF
2,CASSP[RI]STYNEQFF
7,CASSVG[GT]yTDTQYF
3,CASSLgTlGNTIYF
2,CASS[GP]TSGRDTQYF
3,CASSVrGGgETQYF
4,CASSFsGRDTEAFF
3,CAsSdTSSYNEQFF
6,CASS.DRGqETQYF
8,CASSPTGG.[EQ]TQYF
5,CASS[QL]S[SG]GGYEQYF
2,CASSYNRG[AS]ETQYF
2,CSA[TY]AGTGTYEQYF
6,CASSpQGaTGELFF
14,CASSLvpGaYEQYF
2,CASRT[AS]GGQETQYF
2,CAS[GK]FREPNTEAFF
2,CASSV[GV]DKNTEAFF
2,CASSP[RP]SGSDEQFF
3,CASSlGRdQETQYF
2,CASSLSRG[ND]EKLFF
3,CASSPlGqNTEAFF
2,CSA[TV]TSGGAYEQYF
3,CASSprGTSYEQYF
2,CASKGQG[FY]TDTQYF
3,CASSPldRYNEQFF
2,CAWRTGT[IV]TYEQYF
4,CASSPLAGhNEQFF
5,CASS[AP]TG[GP]TYEQYF
3,CASSPpTGvYEQYF
3,CASSsRpGADTQYF
3,CSArLAGlTDTQYF
3,CSARGtGAtDTQYF
2,CASRG[AS]GFTDTQYF
3,CASSaQGGdEKLFF
2,CASSGTG[QG]GNTIYF
4,CASSLAGvRETQYF
2,CSA[RG]PRQGGEKLFF
4,CASS[AT]SGDYNEQFF
3,CASSlqGVGEKLFF
5,CA[WS]S[RV]LAGSYEQYF
5,CASSPGL[AE].YEQYF
3,CASSGtGGrTEAFF
2,CASSASGR[PS]YEQYF
3,CASSQ.TVNTEAFF
2,CASSV[AK]GTNEKLFF
10,CASSysGvNTEAFF
2,CASSLAGG[EP]ETQYF
9,CASSrDrsSYEQYF
2,CASSHPDR[EV]TEAFF
2,CASSLG[HF]NYNEQFF
2,CASSAWD[RK]NTEAFF
8,CASSlqGtNEKLFF
2,CAWSI[AW]GGTYEQYF
2,CASSETGGRN[EI]QYF
2,CASSLAL[RL]GETQYF
3,CASSQDL.NTEAFF
2,CASKTG[QT]GNTEAFF
2,CASS[AS]RLGGYEQYF
2,CASRASG[PS]YNEQFF
2,CASS[RI]PGGPYEQYF
3,CASSeRQGTGElFF
8,CASSLgLAG[YD]EQYF
2,CASSYSD[AI]RYEQYF
3,CASS.RDSTYEQYF
2,CASSL[QV]RGGNEQFF
4,CAS[ST]SLAGSDTQYF
5,CAWSvLGG[GN]TEAFF
2,CSAR[GV]RGGADTQYF
2,CASSSQGA[NH]EKLFF
5,CASRg[AT]GPYNEQFF
2,CASSQGD[SW]GNTIYF
4,CASSP[AS]RTDYEQYF
2,CASSQ[DV]TGTYEQYF
2,CASSS[RF]VGGETQYF
2,CASSL[RV]GVTGELFF
2,CASSLSR[QM]VGEQYF
2,CASRPGGMAHEQ[FY]F
4,CASSLGQ[AP]GNTIYF
2,CASS[RM]DRTNEKLFF
2,CASSLG[TV]ELYEQYF
3,CASR.QGRDNEQFF
3,CASSLGQGldTQYF
3,CASSYSaGyYEQYF
4,CASSlS[AP]GEETQYF
4,CASS[RL]GQGRTEAFF
2,CASSDLA[RP]TYEQYF
3,CASSQDRGpNEQfF
2,CASS[LV]AGGRGEQYF
2,CASSMGQG[ES]ETQYF
2,CASST[LV]DSGNTIYF
5,CASSDRT[AR]TYEQYF
3,CASSqGtGGNEQYF
2,CASSVAG[AI]VDTQYF
2,CASSL[PV]GAYTEAFF
2,CASSRLAG[DG]NEQFF
4,CASSGTGRDTEAFF
2,CA[IW]SVGGGTDTQYF
2,CASS[PT]QGPSYEQYF
2,CSARAGG[PS]SYEQYF
3,CASSlLAGsETQYF
2,CASS[RP]TGFNEKLFF
2,CASSL[DQ]SHTDTQYF
2,CASSFMTG[ND]TEAFF
2,CASSRG[HI]GVNEQFF
4,CASSpGLAWDEQFF
2,CASS[RP]SALSYEQYF
2,CASSS[AP]GVQETQYF
2,CASLR[GL]GSLNTQYF
2,CAS[RG]GPSSYNEQFF
2,CAS[SY]LTGPNNEQFF
2,CATSRD[RV]VNTEAFF
3,CASSLaRTtYEQYF
2,CASS[KV]AGVGYEQYF
2,CASSQ[DP]NRGETQYF
2,CAS[RM]QGTSGNTIYF
5,CASS[FV]VSGTDTQYF
2,CASSPGGG[EK]ETQYF
4,CASTLQGPNTEAFF
2,CASSL[RW]VRDTEAFF
3,CASSLsGLdNEQFF
3,CASTLGrGtYEQYF
2,CASS[RH]PGRNTEAFF
2,CASSLQG[EI]GTEAFF
2,CASSLVAS[AT]YEQYF
2,CASSQPQG[DL]NEQFF
2,CASS[QT]RTSWNEQFF
2,CASSPDSV[AS]YEQYF
2,CASSQGRV[AS]YEQYF
2,CASSLSG[LV]GNEQYF
2,CASS[EF]FLSGNTIYF
2,CSARGQR[MV]NTEAFF
2,CSARGGR[SV]SYEQYF
2,CASSP[RW]GQGGEQYF
2,CSARDDRG[IY]TEAFF
2,CASRPQG[AT]GNTIYF
5,CASSQGlRGTEAFF
2,CASS[EG]RTGYNEQFF
2,CASSPVG[GY]QETQYF
4,CASSE[AS]QGqETQYF
2,CASSS[DW]TSGYEQYF
2,CASS[QV]TEAKNIQYF
2,CASS[AP]PSRSNEQFF
2,CASS[QL]GTPRDTQYF
2,CASS[QG]TVTTDTQYF
2,CSARRD[FT]SSYEQYF
2,CASS[FY]RDRDNEQFF
2,CASSLFTG[ND]TEAFF
2,CASSS[DS]RWSYEQYF
2,CASSR[RW]DSNTEAFF
2,CSV[EV]RGGVNTEAFF
3,CASSSPGLAaEQyF
3,CASSyGGSqETQYF
2,CASSL[NQ]WGTYEQYF
3,CASSP.VGTGELFF
2,CASSFPG[RN]YNEQFF
2,CASS[QS]NTGSYEQYF
2,CASSV[DG]RDGETQYF
2,CSAPRQG[ET]SYEQYF
2,CASS[HI]RQGGEKLFF
2,CASSPPGGR[IM]EQFF
2,CASSLRTG[RE]EKLFF
2,CASSLEQG[RG]YEQYF
2,CASSFDRG[PY]YEQYF
3,CASSpPGlGTEAFF
6,CASS.GdRgETQYF
2,CASS[DL]ATVTYEQYF
4,CASSLVRLNTEAFF
2,CSARD[RS]SSYNEQFF
2,CS[AV]ATGGKGNEQFF
2,CASRPPGA[GS]ETQYF
2,CASSFG[RP]ATYEQYF
2,CASSPPVG[AT]DTQYF
2,CASSPLAG[RP]YEQYF
2,CASS[HV]GTPGTEAFF
3,CASRgTGGeETQYF
2,CSA[FY]GGGSGNTIYF
2,CASKKR[DG]SSYEQYF
2,CASRST[ST]SGNTIYF
2,CASSGG[AP]LNTEAFF
4,CASSLGGGR[ND]EQFF
3,CASSrDRGfNEQFF
2,CASSS[EP]RGYNEQFF
2,CSARD[RT]GFSYEQYF
2,CSASRAG[GI]TDTQYF
3,CASSLAdrQETQYF
2,CASS[RT]QGGGNTIYF
2,CASSEG[AV]GPYEQYF
3,CASSLRGgvYEQYF
2,CASSLEW[ST]GYEQYF
2,CSAPIAGV[GS]NEQFF
2,CASSP[QP]TGQETQYF
2,CASSRSGA[QK]ETQYF
2,CASS[LS]TGVPYEQYF
2,CASSPDR[AS]AYEQYF
2,CSANR[LV]PSTDTQYF
3,CASSlDRGgETQYF
3,CASSLpaGGETQYF
3,CASSpGrGTYEQYF
2,CASSQGG[GT]GEKLFF
2,CAS[DK]RGGTNEKLFF
2,CASR[QG]TQNSYEQYF
3,CASSkTRgNTEAFF
2,CASS[TV]PGTVYEQYF
2,CASSLTSG[KS]ETQYF
2,CASSLVPS[AF]DTQYF
2,CASSLVG[GW]GAEAFF
2,CASRD[GS]GSSYEQYF
2,CASS[PS]GPDYNEQFF
2,CASS[IY]RDRGTEAFF
3,CASSLeGqYNEQFF
4,CASSfYRGTGELFF
2,CASR[LT]GGPNTEAFF
3,CASTaGGpYNEQFF
3,CASTPGQG.YEQYF
3,CASSsQGgPYEQYF
3,CASSpnSGTGELFF
2,CASSSR[LT]SGNTIYF
2,CASRSG[RW]GADTQYF
2,CASSLEAG[RD]TEAFF
2,CSALG[LV]AGTYEQYF
2,CASSSP[AV]LGTEAFF
2,CASSLSG[QE]GNEQFF
2,CASSP[MW]QGNTEAFF
2,CASSSG[IP]QDTEAFF
2,CASSG[AD]RGAGELFF
2,CATSRG[DQ]VNTEAFF
2,CASSLR[RT]GPTEAFF
2,CASSL[NP]RVGEKLFF
2,CASS[QT]GLADNEQFF
2,CSVGGTG[KF]SYEQYF
2,CAS[RT]PGQGRDTQYF
4,CASS[QL]gTSGETQYF
2,CASS[RM]GGSPYEQYF
2,CASSL[HP]GLVTEAFF
2,CSASSGG[IT]YNEQFF
2,CASK[ST]GGGPDTQYF
2,CASST[EG]AGNTEAFF
2,CASS[RW]TSGSTEQYF
2,CASSNRD[RL]TYEQYF
2,CSA[RS]TSGDYNEQFF
2,CASSSL[RS]GGTEAFF
2,CASSRTGG[EL]DTQYF
2,CASSL[RQ]GSTYEQYF
2,CASS[QL]VGSEETQYF
2,CASSSLL[MT]GYEQYF
2,CASS[QP]WANTDTQYF
2,CASSL[IS]PSGTEAFF
2,CASSLG[GS]VREKLFF
2,CASSP[GI]RGAGELFF
2,CASS[IW]AAGSYEQYF
2,CSAIGG[AT]GTDTQYF
2,CASS[FT]GHSNTEAFF
2,CASSLPG[GL]NNEQFF
2,CSARRLA[EG]GGEQFF
2,CASSPA[IS]LNTEAFF
2,CASSQAGT[RK]ETQYF
2,CSARGLAGS[TY]EQYF
2,CASSLEA[DK]NTEAFF
2,CASTPTGR[GL]TEAFF
2,CASSGLAD[EP]DTQYF
3,CASSRDsaYNEQFF
2,CSV[ET]SGTSTDTQYF
2,CASSG[WY]RVSYEQYF
2,CASS[DQ]SAGGNEQFF
2,CASSFGV[RQ]GNEQYF
2,CASSPG[IP]TGDTQYF
2,CASS[QG]LAGEETQYF
2,CASTP[GP]AGTGELFF
2,CASS[LP]STGDNEQFF
2,CASSQLQG[HI]YEQYF
2,CASSKT[EG]GTDTQYF
2,CASS[FP]RSQNTEAFF
2,CA[SW]RGLAGTDTQYF
3,CAwSaGQGVHEQYF
2,CASSP[TY]ATNEKLFF
2,CASS[PS]RRGREKLFF
2,CSARRTG[GW]TDTQYF
2,CASS[IY]KAMNTEAFF
2,CASSVGG[DI]GYEQYF
2,CASS[GS]DRDTDTQYF
2,CASSL[RL]GLGEKLFF
2,CSAS[RG]LAGNYEQYF
2,CSAR[RT]GSSYNEQFF
2,CASSPPRG[GW]ETQYF
2,CSA[RV]PGQGTYEQYF
2,CASSV[QG]GGDYEQYF
2,CASSVG[EP]GTDTQYF
3,CASSPtGvGTEAFF
2,CASRGQGA[KT]TEAFF
2,CASSL[IY]SGGTEAFF
2,CASSPAW[TV]NTEAFF
2,CASSIR[LP]QGETQYF
2,CASR[AP]GTASYEQYF
2,CASSVG[GY]RDNEQFF
2,CASS[QS]ASGYYEQYF
2,CASS[GL]SRGRETQYF
2,CASSLEGR[RG]TEAFF
2,CASR[LS]RSSYNEQFF
2,CASSF[AF]DRNTEAFF
2,CASSIG[GT]AGNTIYF
2,CASSPDR[DG]LYEQYF
2,CSAS[NM]GGGSTEAFF
2,CASR[AV]GLSSYEQYF
2,CASS[QL]TGLYTEAFF
2,CASSLGGR[LV]DTQYF
2,CSVGV[GS]GRGETQYF
2,CAS[RS]LTSGRGEQYF
2,CASSRT[RT]GAYEQYF
2,CASS[RP]TGLGNEQFF
2,CASSRT[AI]STDTQYF
2,CSAGTGG[SW]SYEQYF
2,CASSL[GL]PGGDEQFF
2,CASSLD[MS]YQETQYF
2,CASSPP[AW]SYNEQFF
2,CASSYSQ[AP]GNTIYF
2,CASSLGRAR[DE]TQYF
46,CASS..GnQPQHF
18,CASS.[GT]rNYGYTF
107,CASS....NEQFF
57,CASS....QPQHF
134,CASS..G.YGYTF
17,CASS.gG[SD]QPQHF
103,CASS..gNTEAFF
84,CASS...NTEAFF
20,CASS.q.sYEQYF
34,CASS.sG[GS]YEQYF
47,CASSl.g.YEQYF
48,CASS...NTGELFF
2,CAS[DS]RTGGSPLHF
38,CASSl..GETQYF
134,CASS...TDTQYF
97,CASS...NQPQHF
13,CASSl[RS]eQETQYF
119,CASS.G..YGYTF
28,CASS..rGYEQYF
21,CASSL..NEKLFF
127,CASS.g..YEQYF
3,CSAPssSSYEQYF
42,CASS.g.SYEQYF
2,CSVGVS[NS]YNEQFF
30,CASs..GANVLTF
26,CASS.d[RM]NTEAFF
50,CASS..gqETQYF
21,CASS.[GR].gETQYF
2,CASS[QL]SGGWGYTF
68,CASS.[GD].qETQYF
74,CASS.d.nYGYTF
46,CASS..MNTEAFF
3,CASSLVGrrGYTF
3,CAWAggENQPQHF
22,CASSL.g.ETQYF
32,CASS.G..TEAFF
8,CASSPGt[NA]TEAFF
79,CASS....TEAFF
54,CASS...TGELFF
9,CASS.QG[AR]gGYTF
2,CSAP[PT]GGGETQYF
13,CAss[GF]tgGYEQYF
2,CASSRRI[NL]EKLFF
2,CASSIN[RQ]GDGYTF
2,CASSR[GT]GVQPQHF
47,CASS...sYEQYF
9,CSV.rDRNTEAFF
21,CASS...NTEAFF
2,CSARSQ[AS]DNEQFF
5,CASR[TG]GNTGELFF
2,CSARGRG[ST]YEQYF
14,CASS[QS][RA][GP][QG]ETQYF
13,CASS[PY].GNTGELFF
7,CASS.G[LP]AGEQYF
8,CASS[RF]DRaYGYTF
33,CASSL.g.TEAFF
2,CSAREA[LP]NYGYTF
4,CSARG[NT]SGYEQYF
3,CASG.TGANVLTF
13,CA[SW]SVg.NTEAFF
34,CASS..g[GD]TEAFF
3,CASSpgTDSPLHF
6,CSA.QG[SG]NQPQHF
8,CASSYs[GP][AD]YGYTF
20,CASS..gNSPLHF
3,CASSHRD.YEQYF
2,CASS[QS]RDPGELFF
24,CASSlt[SG][PG]YEQYF
2,CASSG[RS]GLKTQYF
26,CASS.G.GNTIYF
23,CASS..G.TEAFF
13,CASS.tGTYEQYF
9,CSAR.G[SD]SYEQYF
4,CASSLSGS[NG]EQFF
3,CSARDrGhTEAFF
40,CASSL.gsYEQYF
3,CASSVgGyAEAFF
3,CASSGLA.ETQYF
29,CASS[LP].G.GELFF
2,CASSLA[AR]ASEAFF
2,CAISDG[LS]SYEQYF
4,CASTPgVNTEAFF
3,CATSDPtsNEQFF
3,CASSLdVgNEQFF
2,CASSWDN[NT]YEQYF
2,CSAK[GS]DSNQPQHF
4,CASSLST[NG]EKLFF
3,CASSSpSaYEQYF
4,CAST[EG]GATNEKLFF
3,CASSdRGyTGELFF
17,CASS[QL]dR.TEAFF
21,CASS..NTGELFF
2,CASSSQG[RS]NEKLFF
6,CASSkT[ED]YNEQFF
2,CSARA[HS]GAYEQYF
2,CASSA[GS]RNTGELFF
3,CASShQGgHGYTF
25,CASS...YNEQFF
4,CASSsQGTGELFF
4,CASSgTSTGELFF
2,CASSYRG[DS]NEQFF
3,CAIRagGDTEAFF
2,CASSAHL[NT]TGELFF
2,CAWSVGG[RE]TEAFF
2,CASRG[AQ]PNEKLFF
2,CAS[SV]RGQGREQYF
2,CASSSR[LV]ETGELFF
9,CASSQg.QETQYF
3,CASSPGtvEKLFF
2,CASSLVS[EW]ETQYF
4,CASS[QP]tGLGGYTF
2,CAS[KT]GRANTEAFF
3,CASSPRdhNEQFF
2,CASSFGTG[NG]EQYF
7,CASK.G[GP]TDTQYF
2,CAWS[QV]VSTDTQYF
5,CASSP[TQ]GA[RH]GYTF
3,CASSlaRDSPLHF
12,CASS[LF].gADTQYF
3,CASSyRaEETQYF
2,CATSRTG[AR]VEQYF
2,CASGP[AS]GTDTQYF
3,CAsSdQNSYEQYF
3,CASSPVatDTQYF
4,CASSQLvTDTQYF
3,CASSFkgGEKLFF
2,CASKER[GW]TDTQYF
3,CASRdeGNTEAFF
2,CAWSAL[AG]TNEKLFF
7,CASSPGL[SP]DTQYF
3,CASSQGayEKLFF
2,CASSRD[AI]NTGELFF
2,CASS[RL]NRADTQYF
2,CASRQ[QT]GRDGYTF
2,CASS[IT]TGDTGELFF
3,CASSLrQEgTQYF
4,CSARDRGrYEQYF
16,CASSL.e.TEAFF
2,CSARGG[ST]SNEQFF
5,CASSLqG[VA]AEAFF
10,CAWSVqgnQPQHF
5,CASSL[VE]A[QV]ETQYF
9,CASS.GG[GA]DTQYF
2,CASSLS[IT]RGTQYF
5,CSA[ST]G[TG]NTGELFF
3,CASseREATEAFF
2,C[AT]SRRDTNTEAFF
2,CASRQQG[SV]EKLFF
2,CASSQGV[ES]VGYTF
2,CASSSP[RP]GYGYTF
8,CASS[LF]R[AQ]sYEQYF
3,CASShGlPYEQYF
2,CSAPAGG[RM]GGYTF
2,CASR[RG]TGDYGYTF
6,CASSRDR.QPQHF
3,CASSPRtvGGYTF
2,CSARGP[NM]SYEQYF
2,CSAR[TY]GAQETQYF
2,CASSQTSV[GS]EQYF
2,CATWGTG[ND]TEAFF
2,CSA[DI]RDSSYEQYF
2,CAWSV[EL]GGTEAFF
2,CAW[RT]SGSSYEQYF
3,CSATDRgvTEAFF
2,CASSFG[GS]DSPLHF
2,CASSS[DT]IYYEQYF
6,CASrAGV[AG]YEQYF
3,CASS.QGGNTIYF
2,CASSLGG[RQ]DGYTF
2,CASSLGDRG[GS]YTF
3,CASSFgGAgEQYF
3,CAWrGQpNQPQHF
4,CASRGLA[AG]YEQYF
2,CASS[EF]RRANVLTF
2,CSVH[AH]DRNTEAFF
6,CSARtgpNYGYTF
2,CSARG[HL]LNTEAFF
2,CSVGAS[RG]GYEQYF
2,CASSTL[AI]TGELFF
2,CAS[NT]TGTNTEAFF
2,CA[ST]GTSGNNEQFF
3,CASS.GVTYEQYF
3,CASSLfRDgEQYF
3,CAIRggVNTEAFF
2,CASTPG[RS]NYGYTF
2,CASSPTSSG[EK]QFF
3,CSaSGGAyNEQFF
4,CATA.SGANVLTF
4,CASSRG[AT]EETQYF
2,CASSLG[EF]AGELFF
3,CASSlDAyQPQHF
2,CASSFSG[KV]YEQYF
2,CASSSGQ[GV]EKLFF
2,CASKGQL[ND]EKLFF
2,CASSQV[QL]GNTIYF
2,CASSL[IK]PGDEQFF
2,CS[QL]SGSPYNEQFF
3,CASSpQGsQPQHF
3,CASSaSqGYGYTF
6,CASS[YT]SrGdEQFF
6,CASSFP[GP].ETQYF
2,CASSL[KW]QDNEQFF
2,CAT[DH]SGNSYEQYF
4,CASSSpISYEQYF
2,CSVTG[RL]TNEKLFF
2,CSAR[RP]LNTGELFF
2,CASSSPR[DE]YEQYF
2,CASSLEG[QV]HGYTF
4,CASSQGQ[GS]AGYTF
3,CSArrDSNQPQHF
2,CSV[RQ]ENSNQPQHF
2,CSAGPTGA[AT]EQYF
9,CASS.GQGdGYTF
2,CATRG[EG]ANTGELFF
3,CSVvaSSYNEQFF
3,CASSQ.ASYGYTF
2,CAS[RS]ASGVYGYTF
3,CASrqGAGNTIYF
2,CASSH[RS]QGTEAFF
2,CAS[RG]RSSYNEQFF
8,CATS.G[DT]SYEQYF
3,CSVGdSdYNEQFF
2,CASTQT[DL]QETQYF
2,CASSVRD[DE]SPLHF
4,CSVPGQ[LV]NTEAFF
2,CASSP[NE]HPYEQYF
2,CAS[NM]GQAQETQYF
2,CASSPG[QP]GHGYTF
2,CASS[GS]KGITEAFF
2,CASS[RW]TSEETQYF
2,CASSS[DT]GRNTIYF
2,CASSLNR[PV]SGYTF
3,CASSsGdNEKLFF
3,CASSVGvaNEQFF
2,CASSR[EK]SGNTIYF
2,CASSP[LY]SGYEQYF
2,CASRQD[GS]NTEAFF
2,CASSL[RL]TGGEAFF
2,CSA[PS]GLAGNEQYF
3,CASSrGlYYEQYF
2,CAWSW[QG]GGNTIYF
4,CASSVVGG[DS]EQFF
2,CSVGT[EG]STGELFF
3,CASSLGerQPQHF
2,CSAS[RQ]QESQPQHF
2,CASS[GY]ATNEKLFF
4,CASR[RG]QGAGGYTF
2,CAS[GT]TGDTGELFF
2,CASRG[RQ]GGQPQHF
2,CASS[GV]GRVDTQYF
2,CASSQGS[LK]NIQYF
3,CASSQvyGYEQYF
2,CASRGD[RG]SYEQYF
2,CASS[RQ]NLNYGYTF
2,CASSL[IV]GGGELFF
2,CAWSVRG[AG]DTQYF
3,CSARG.AGTEAFF
2,CATSRD[HF]RGELFF
2,CSARTGR[NV]TEAFF
3,CSALrQaNTEAFF
2,CASRL[QS]GTHEQYF
2,CASSPDW[DG]QPQHF
2,CSARG[PS]GTDTQYF
3,CAWSggSNQPQHF
3,CASS.GQGNIQYF
2,CASS[AQ]AGAYEQYF
2,CASRTGG[SW]TGELFF
2,CA[RS]GGGGTYGYTF
2,CASSS[KS]RGYEQYF
2,CSA[RS]PGGNTEAFF
2,CASRGL[AP]EETQYF
2,CASSYS[HT]FYEQYF
2,CA[ST]SEPWTGQAFF
2,CSV[TV]QSGANVLTF
2,CASS[GL]GEVTEAFF
3,CASSqaGAGGYTF
2,CASS[LY]GGGEGAFF
2,CAS[DL]RGGNQPQHF
3,CATSrgGGETQYF
2,CS[IV]QRDRDTEAFF
2,CAWE[GP]QGAGGYTF
2,CASSQGT[DV]TEAFF
2,CASSS[IT]GNSPLHF
2,CASSFR[QI]NYGYTF
2,CASGG[AF]SGNTIYF
2,CASSSQG[NY]EKLFF
2,CASS[LS]YSHTGELFF
2,CASSLNR[AY]QPQHF
2,CSAAV[PT]GSDTQYF
2,CASS[DF]GPSYEQYF
2,CAWS[PS]ALNQPQHF
2,CASSAR[RD]GNEQFF
2,CASSPR[RI]YNEQFF
2,CASS[LF]LELGGYTF
2,CSAL[AD]VYQETQYF
4,CASSQ[EP]GARGYTF
2,CASSV[EV]VGDTQYF
2,CASR[AQ]VMNTEAFF
2,CASGLT[AG]NSPLHF
2,CASSQAD[RP]YGYTF
3,CSVGsgGTNEKLFF
2,CASSPPV[LV]REQYF
2,CAS[IK]GQGDSPLHF
2,CASSHG[RS]AYEQYF
2,CASSLG[EW]GEKLFF
3,CASSFLQG.EQYF
2,CASR[RG]GFQETQYF
2,CASSLSS[DS]NEKLFF
3,CAsRrTGGETQYF
2,CSARR[QI]LTGELFF
5,CASSLV[RP]NSPLHF
3,CASSSLaqETQYF
2,CASSL[AD]PGRGYTF
2,CAS[MT]GLMNTEAFF
2,CASSQKGG[LY]GYTF
2,CASSLDR[IL]HEQYF
3,CASSQARG.GYTF
3,CASRggADTGELFF
2,CSARDPR[DG]YGYTF
2,CASGLGSG[QE]TQYF
4,CASS[EF]SENTGELFF
2,CASSVR[DP]NYGYTF
2,CASR[RL]QGTDTQYF
2,CASTG[RP]ANYGYTF
2,CAWSV[RD]RAYGYTF
5,CASSyDRA[HG]GYTF
2,CAS[ST]PSGNNEQFF
2,CASRLTGG[RG]GYTF
3,CASSlvANYGYTF
4,CASSL[PS]SGNTIYF
2,CASGL[DV]NTGELFF
3,CAsTvSGANVLTF
2,CASSF[LT]GNEKLFF
2,CASSE[GS]LTDTQYF
2,CASSLS[SW]GETQYF
2,CASSQ[EM]TGDTQYF
4,CAS[RK]GtGDQPQHF
4,CASSSGQGGEAFF
2,CASSLG[QS]REKLFF
2,CASSLP[PV]LETQYF
2,CASSIW[DQ]NQPQHF
3,CASRlTGaYEQYF
2,CSVSGQ[NG]TDTQYF
2,CASSEV[ND]NYEQYF
3,CASS.SGPYEQYF
2,CASRAV[RD]GTEAFF
3,CASSgAyTDTQYF
3,CASSlVAGgGYTF
2,CASS[LF]RTNGELFF
2,CASSES[GI]YTEAFF
2,CAS[RS]GTAQETQYF
2,CASSSE[YV]GETQYF
3,CASSVgPGnEAFF
2,CASST[RD]TYNEQFF
2,CASSE[FS]STGELFF
2,CASSLVV[GP]EGKLFF
2,CASTIGG[LS]YEQYF
2,CASS[PY]GRNNEQFF
2,CASSPP[GI]VYEQYF
2,CASS[TY]QISTEAFF
2,CAS[RI]LAGTTEAFF
2,CSA[HS]NTGNTEAFF
2,CSA[ST]GQGHQPQHF
2,CASSSD[TV]NTGELFF
2,CASS[NY]SPGETQYF
2,CSA[QT]TGMNTEAFF
2,CASS[DF]LGTYEQYF
2,CSVATD[RS]NQPQHF
4,CASSLDRGDEQYF
2,CSV[RT]QGRSYEQYF
2,CATSRD[PS]GDTQYF
2,CASSQ[HL]GQGTQYF
2,CASRKTGK[HY]EQYF
2,CASSF[RM]SQETQYF
2,CASS[EL]GARDTQYF
2,CASS[RY]LVADTQYF
2,CSARGG[DQ]NYGYTF
2,CASSV[SV]GFTEAFF
2,CASSGG[TW]DEKLFF
2,CA[IW]RGQGWTGELFF
2,CASSFG[RG]PNEKLFF
3,CAStGGSsYEQYF
2,CSAS[PS]GSTDTQYF
2,CSARGL[EL]YNEQFF
3,CAWsgGSGTEAFF
2,CASSPT[RS]DNEQFF
2,CASS[DE]ALNNEQFF
2,CASS[LP]AMGDTQYF
3,CASSsDRgGGYTF
2,CASSV[QS]PEETQYF
2,CASSQ[DP]YTDTQYF
2,CASSFGS[FP]NEQFF
3,CASSqsGANEQFF
2,CSARD[IS]ESQPQHF
2,CASSP[RE]DRGEQYF
2,CASR[RG]EWTGELFF
2,CASSL[AG]PGLEQYF
2,CASSLAG[RG]GKLFF
2,CAS[GT]RQGADEQFF
2,CAS[RP]GQGNTGELFF
3,CASSLQGgnGYTF
2,CSAR[GF]RGGYGYTF
2,CASSSAG[NI]YEQYF
2,CASSFDG[NY]TGELFF
2,CAS[AN]PGQSYGYTF
2,CASS[RV]REYNEQFF
2,CASSQVVG[QS]PQHF
2,CAS[RH]DGSNSPLHF
2,CASSQD[EY]NEKLFF
2,CATSG[DP]NSYEQYF
2,CASSVLG[EG]DTQYF
2,CASSE[FV]SRYEQYF
2,CASRRQ[GV]DTEAFF
2,CASSLNVRG[ET]QYF
2,CASSP[GL]GAGEQFF
2,CAST[HI]TMNTEAFF
2,CASSP[RM]TAYGYTF
2,CAWSA[QE]GHQPQHF
2,CASS[QW]EFQETQYF
2,CSAR[AG]QGNEKLFF
2,CAS[RS]VTLTGELFF
2,CASSFP[RQ]HYGYTF
2,CA[SW]RPFGNTEAFF
3,CASSvnPGDEQYF
2,CSARD[RT]LAETQYF
2,CASSPR[QL]VYEQYF
2,CASSLD[NM]RDEQYF
2,CASSQGGR[DG]EQFF
2,CSARDRV[GT]YGYTF
2,CAS[AQ]GRDTGELFF
2,CASSHR[QV]PYEQYF
2,CAS[RK]IQGGETQYF
2,CASSLYRD[GS]EAFF
2,CSASG[IS]ATNEKLFF
2,CASSLF[MS]STEAFF
2,CASSLTG[IL]SPLHF
2,CAS[KT]RQGSDTQYF
2,CSAPDR[FV]NEKLFF
2,CASS[AK]GQGLGYTF
2,CASSLM[EP]RTGELFF
3,CAsSRDSlYGYTF
2,CAWSR[AF]SGNTIYF
2,CASRGQG[KV]GEQYF
2,CASRTGD[GV]YGYTF
2,CATRGA[GL]GQPQHF
2,CAWSVA[QG]AQPQHF
2,CSASTG[HS]NYGYTF
2,CASSRI[AN]TGELFF
2,CATS[LS]RTGSGYTF
2,CASSYG[QI]TGELFF
2,CAIRG[KV]GNQPQHF
2,CASSRAL[AS]YEQYF
2,CSARGQG[DG]TEAFF
2,CAS[RS]VTSGNTIYF
2,CASRDTSG[DE]TQYF
2,CAS[RP]DMNTGELFF
2,CASRTRG[QL]ETQYF
2,CASSSE[QL]GHGYTF
2,CAS[RG]TGGNYGYTF
2,CSAREGG[HS]TEAFF
3,CASSQaLhYGYTF
2,CASSSGQGG[ET]QYF
2,CASSL[LV]EDQPQHF
2,CASSIE[IL]TDTQYF
2,CSVEDLG[GK]AGYTF
2,CASS[LP]YSANEQFF
2,CASSLAGA[QS]GYTF
2,CS[AV]RQGLTDTQYF
2,CSV[EK]TGGNTEAFF
2,CSA[RP]RDYSYEQYF
2,CASSDLL[ST]YGYTF
2,CASSVGQ[GV]NEQYF
2,CASSPGT[QG]EKAFF
2,CASRRQ[SY]NSPLHF
2,CAT[AS]QGSNQPQHF
2,CAWSVT[GL]GNTIYF
2,CAWSVLG[NP]YEQYF
2,CASSFGGG[LW]TQYF
2,CASSYRTGA[KT]AFF
2,CSAS[GV]QGPDTQYF
2,CASRS[AT]GIGEQYF
2,CS[AG]RTVSGNTIYF
2,CASSLF[LF]GTEAFF
2,CASSR[RQ]AGYGYTF
2,CAWSWTG[EG]YEQYF
2,CASS[LT]WGSAEAFF
2,CSAPGQ[GM]NTEAFF
2,CAS[HK]EGANTEAFF
2,CASSF[RL]GEETQYF
2,CASSLT[LT]TYEQYF
2,CAWSR[QG]GDTEAFF
2,CASSLVE[AR]SEAFF
2,CASSYP[GS]GGEQYF
2,CASS[DQ]HQGGEQYF
2,CSATG[AT]ANTGELFF
2,CASSLGGTGA[PV]NQPQHF
3,CASSLaSsGGNTGELFF
4,CASSLG[GS]GPSSYNEQFF
2,CASS[LY]VGGPYSNQPQHF
2,CASSGTN[RK]SSYNSPLHF
2,CASSLA[GH]GGTSTDTQYF
2,CASSPPSGGA[SV]GETQYF
2,CASSQARGS[GS]GANVLTF
2,CASS[LS]SGTSAGTGELFF
2,CASSP[HL]TSGRGTGELFF
2,CSA[RK]RDRGFGTNEKLFF
3,CASSpGTGDsGANVLTF
2,CASSQFRDR[AG]TNTEAFF
2,CASSLGP[ST]GGSGNTIYF
2,CASS[AQ]GLAGGSYNEQFF
2,CASSL[RW]GQSSGANVLTF
2,CASSLG[GV]GSSYNSPLHF
2,CS[AV]RGILRDRGNNSPLHF
2,CASSLGQGP[QP]YQETQYF
2,CASSRRTG[GT]YSNQPQHF
2,CASSPGLA[HV]SSYNEQFF
2,CASSQAGLGQ[AV]NTEAFF
2,CASS[SV]GLAGGFYNEQFF
2,CASSQD[GS]GQNPNEKLFF
2,CSARAETG[AS]SGANVLTF
2,CASS[AF]RAGPSSYNEQFF
2,CASSLALAGGPQ[DE]TQYF
60,CASs..NEQFF
3,CASSatGDIQYF
117,CASS...TEAFF
58,CASs..nQPQHF
110,CASS..[ED]TQYF
7,CASSR[GH][RG]EKLFF
244,CASS...YEQYF
15,CASR[GT][GQ].YEQYF
115,CASS...ETQYF
10,CASS[PF][LA]G.EAFF
3,CSVE.GTYGYTF
6,CASSL[LV]RGrAFF
2,CASS[DY]LADTQYF
168,CASs..YEQYF
21,CASS[LS]tg.GYTF
14,CASSp[QP]GgGYTF
17,CSAr.[VG]YEQYF
71,CASS.G.YGYTF
92,CASS...NEQFF
37,CASS.g.GYTF
2,CA[SW]DRANYGYTF
3,CASRGanYGYTF
11,CSAR[GD].NTEAFF
2,CASSHRV[RG]ELFF
20,CASSL[GR]tgEAFF
2,CSA[QV]KNNQPQHF
81,CASS...DTQYF
2,CSAS[QL]GETQYF
6,CAS..TEAFF
84,CASS..[TG]EAFF
23,CASS..GNTIYF
16,CASS.g.DTQYF
2,CASS[RF]PAGELFF
3,CSArySNQPQHF
2,CAWSEG[NF]SPLHF
39,CASS..tGELFF
14,CAS[SG].[LA]NTEAFF
2,CSASG[RG]PYEQYF
4,CSV[GV]eNTEAFF
3,CASkGQGnGYTF
6,CAsg.GTDTQYF
2,CASS[RD]DGYTF
10,CASSp[RS]pYEQYF
22,CASS.l[AS][YG]EQYF
8,CASS.[RG]gGGYTF
18,CASS[RP]TG.EQYF
2,CAWSP[RQ]DYGYTF
8,CASS.nEQFF
23,CASS.nYGYTF
5,CASS.ETQYF
2,CSAR[GV]GETQYF
3,CASSLdlNTQYF
3,CASSGqdNEQFF
5,CSV[PV]rGEKLFF
2,CASSP[QL]GDEQFF
3,CASkgTGELFF
7,CASG[QV]G[SA]YEQYF
3,CASSsnQPQHF
3,CASSL.DSPLHF
3,CSaGsGSNEQFF
7,CASS.YEQYF
3,CASSPGQ.EAFF
37,CASS...YGYTF
3,CASSeTnEKLFF
2,CASR[ST]SGEQFF
23,CAS[SR]..[SN]YGYTF
2,CASSDP[DE]TQYF
2,CSAR[LF]IYEQYF
3,CSASPgnTEAFF
4,CASS[QL]ESSEQYF
7,CASS[QP]TG[AP]EAFF
2,CSVGT[NG]YEQYF
3,CAISEsaDTQYF
13,CASSL..GE[LQ]FF
4,CAS[RS]sGANVLTF
9,CASSPG..EQYF
2,CSVRQ[AL]NTEAFF
2,CASSPLS[FV]EAFF
2,CASSRQGA[EG]AFF
6,CASS.G.GEQYF
8,CASSy[RT]GDGYTF
3,CASrGRaYEQYF
2,CASSRRTG[WV]QYF
4,CASSVg[DT]NEQFF
2,CAISE[GL]PGEQYF
4,CASSL[GL]sQPQHF
2,CAWT[RS]TGELFF
3,CSAmpSTDTQYF
2,CAS[ST]EFQPQHF
4,CAWSTGTD[ET]QYF
6,CASS.RGSPLHF
2,CSARE[LM]NEKLFF
25,CASS...EKLFF
2,CASSS[RP]SSEQFF
2,CASS[QY]SSGKLFF
4,CASRDGAGEQFF
2,CSVG[RS]GNTIYF
3,CSVERG.EAFF
2,CASGG[EY]GYGYTF
2,CSVR[GV]ISYEQYF
2,CSAP[AT]GTYEQYF
2,CASSSLG[GL]EQFF
3,CSARtpSYEQYF
4,CSASpSGNEQYF
2,CASR[RD]GGNTIYF
2,CSARS[PS]PYEQYF
2,CASSQGGPTR[FY]F
4,CASKGG[ST]YEQYF
2,CAWS[EV]GSQPQHF
2,CSA[RP]GSYNEQFF
2,CASG[DS]REEKLFF
2,CASSL[GT]GRPQHF
2,CAS[GS]LQLDTQYF
2,CASGRN[SY]GYTF
2,CSARE[AG]EYEQYF
3,CSARGG.GYTF
9,CASSlAG.GYTF
4,CASSFiDQPQHF
4,CASNgGGETQYF
4,CAS[ST]GLTGELFF
3,CASSDRasGYTF
4,CSVEGGGTEAFF
7,CASR.NTEAFF
2,CASS[DL]RQDGYTF
10,CASSp[RV].EQfF
4,CASSwTVYGYTF
3,CAWSvsGETQYF
5,CASSQ.RG[EQ]AFF
2,CAT[LK]RADNEQFF
3,CASSpSLdGYTF
2,CSAK[RP]MNTEAFF
2,CSAR[AD]LRDTQYF
2,CASSLEH[AR]EQYF
2,CASR[ES]GTYGYTF
2,CASS[HW]TDSPLHF
2,CASSFN[RL]NEQFF
3,CSASpqNQPQHF
4,CASSFP[DG]SPLHF
2,CASTG[HV]YGYTF
5,CA[SW]RDMNTEAFF
6,CSAR[GF]gNEQFF
2,CASSR[DE]NQPQHF
5,CASSL[GS]NSPLHF
2,CSG[RG]QETQYF
4,CASSSIRDGYTF
2,CASSDQG[HP]GYTF
2,CSVG[GH]TEAFF
3,CASSPiQGgYTF
2,CASSVDGG[GS]QYF
6,CASS.R[VL]NEQFF
2,CASGT[GY]EQYF
2,CAW[GK]RGNTEAFF
3,CASrgPLYGYTF
2,CA[ST]NRGSNEQFF
2,CASS[TY]DSNEQFF
4,CSASGTSYEQYF
2,CSA[RG]VGNQPQHF
2,CSVGG[DM]GNTIYF
2,CSAR[RE]SDQPQHF
2,CSAS[PS]GAYGYTF
2,CASS[DQ]REAFF
3,CASSqTsGEQFF
2,CAS[RN]TGSNEAFF
3,CASSLgsSEQFF
3,CSArtGNYGYTF
3,CSAtDRsYGYTF
2,CASS[IW]DTGEQYF
2,CAS[KS]SREKLFF
2,CASSQ[SV]VHEQYF
2,CASSPI[GT]QPQHF
2,CSAST[GI]NQPQHF
2,CASSSTS[DG]TQYF
2,CASSF[GT]EQFF
2,CASSGR[QG]NGYTF
2,CAS[GV]ADTQYF
2,CSAR[RK]QGDEQYF
2,CSAR[QV]DYGYTF
2,CSARDR[NE]REQYF
2,CATRTG[HW]YGYTF
2,CSAG[DP]SYEQYF
2,CSVTG[EP]SYEQYF
2,CASG[DG]RGYEQYF
2,CAS[QG]YGYTF
2,CASRT[AQ]GGGYTF
2,CSV[DW]LTYNEQFF
2,CSAG[AG]ANTEAFF
2,CATS[LP]STDTQYF
2,CSADRG[DG]TEAFF
2,CSASR[ES]NQPQHF
3,CASSsgNTIYF
2,CASS[AI]WADEQFF
2,CAST[DQ]GDQPQHF
2,CSCEGNTE[AT]FF
2,CSARD[SV]EQYF
2,CAT[GM]GNQETQYF
2,CASS[RQ]RDEQFF
2,CA[ST]SRDRGEQYF
2,CASSGD[DQ]TEAFF
2,CAWSVT[LM]EAFF
2,CAS[RQ]TSYGYTF
3,CASSetGGYTF
2,CASRA[GS]GGEQYF
2,CASSQEKG[GV]YTF
2,CSVED[QS]GGGYTF
2,CSVGT[HY]NEQFF
3,CASSSSgiEQYF
2,CASR[AC]DNQPQHF
3,CSaeRGETQYF
2,CSVGD[ST]SYEQYF
2,CAS[ES]GANTEAFF
2,CASRQG[ST]TEAFF
2,CASSSD[KY]TEAFF
3,CSAkGGnQPQHF
2,CAW[AW]TGNTIYF
2,CASS[LY]RNTIYF
2,CASN[RH]DNYGYTF
2,CASRY[IF]YGYTF
6,CASS[PG]sgGELFF
2,CSARD[AP]PEAFF
2,CASSVDGV[GV]YTF
2,CASSGQG[LM]GAFF
3,CASSrsRETQYF
2,CASSE[AE]RMQYF
3,CASSgpSYGYTF
2,CAWST[GV]NYGYTF
2,CSVEAG[EG]KLFF
3,CASSPTG.EQFF
2,CASSF[GW]TSGYTF
2,CSAR[ND]YGYTF
3,CASSggYQPQHF
2,CSATSGRDEQ[FY]F
2,CAISESK[AS]EAFF
2,CASSPSTGK[QL]FF
3,CASSLerGGYTF
3,CASsyEQYF
2,CASSY[RY]NSPLHF
2,CASSP[RW]KETQYF
2,CAWGTG[GP]TEAFF
3,CASSdKGsGYTF
2,CASS[HW]GQEAFF
2,CASS[DV]QYEQFF
2,CASGTGT[HK]GYTF
2,CASS[FT]LNQPQHF
2,CAWS[GS]GGEKLFF
2,CSAT[DS]TGELFF
3,CSA.DNEQFF
3,CASSgeGGEQFF
2,CAWSV[AF]YNEQFF
2,CASR[RP]GAGELFF
2,CSA[RP]DRDYGYTF
2,CASSL[RN]TYGYTF
2,CSAS[QL]GRDEQFF
2,CASSQLR[TW]QYF
3,CSARdpNEQFF
2,CSA[RG]NYEQYF
2,CAWS[IV]NTEAFF
2,CSA[IP]GGGGYTF
2,CATSD[RT]YEQYF
2,CASSF[NQ]SGEQYF
2,CSV[RL]QGAYEQYF
2,CSAS[HS]QETQYF
3,CASSlgEKLFF
2,CAWSVGA[SY]GYTF
2,CASR[KW]SGETQYF
2,CSA[NQ]TDTQYF
2,CSVEG[EV]NTEAFF
2,CASSPL[RF]GEQYF
2,CAWTGG[FT]TEAFF
2,CSV[GV]TGNQPQHF
2,CASS[QT]TGGKYF
2,CASSLV[LV]GGYTF
3,CSArgGDYGYTF
2,CSALE[PS]NQPQHF
2,CASR[FV]EETQYF
2,CSAP[QT]GSHEQYF
3,CAsSVVdEQYF
3,CSVGGfyGYTF
2,CSASG[LT]YGYTF
2,CASSYG[DV]RAQYF
2,CASSWGG[DK]GYTF
2,CS[AF]LTGDYGYTF
2,CASSQDSG[AT]QYF
2,CAWSV[GH]RGGYTF
2,CAS[RN]LQNSPLHF
2,CASRGG[WY]GYTF
2,CASSFSG[EG]QYF
2,CSARS[PV]EAEAFF
2,CAWS[TV]VDEKLFF
2,CSARG[DP]TEAFF
3,CASSLEgGeAFF
3,CSVeGsYEQYF
2,CSV[GS]TGNTEAFF
2,CASSWTVSEQ[FY]F
2,CSA[RP]DRGAEAFF
2,CSAPPGT[AY]GYTF
2,CSASL[ST]YEQYF
2,CASSPS[DH]EQFF
2,CASSK[NE]GYTF
2,CAIRG[LS]NTEAFF
2,CASSRD[LF]TQYF
2,CASS[NI]RGQPQHF
2,CASSSDSS[RE]QYF
2,CS[AV]RIRETQYF
2,CASH[DK]GAGYTF
2,CAS[QS]TGPGELFF
2,CSAR[AH]RDTQYF
2,CSVGQGV[RH]EQYF
2,CSVRDG[ST]YEQYF
2,CSAA[ND]SNQPQHF
2,CASSL[DK]GGPLHF
2,CSA[DE]QETQYF
2,CAS[MT]GGLGEQFF
2,CASSFSG[RT]EQFF
2,CASRGD[RS]EAFF
2,CASSPDR[EL]GYTF
2,CSASG[PT]DTQYF
2,CSVEGQ[GT]YEQYF
2,CSAS[IK]LHEQFF
2,CAS[RT]GYNSPLHF
2,CAGGT[AK]YEQYF
2,CATGG[AR]DTQYF
2,CASS[AQ]GQGEAFF
2,CASSP[QP]AGEAFF
2,CASSASG[PY]GYTF
26,CASSpg[TG].NYGYTF
8,CASS[PL][QR]GGSYGYTF
2,CASSPTGGS[ND]YGYTF
2,CAS[NS]PQGRTNYGYTF
10,CASS.gQG[AE]NYGYTF
77,CASS.G[QT]G.YGYTF
32,CASS..SGANVLTF
3,CASSHGQ.NYGYTF
2,CASS[QL]AGQTYGYTF
4,CASSPLDRgYGYTF
5,CASSRTG.GYGYTF
29,CASS.[QT]GGnYGYTF
4,CASSQDWSGANVLTF
7,CASSPG[TQ][GA]TNYGYTF
12,CASSL[DG]..NYGYTF
6,CASSLGv[AS]GNYGYTF
5,CSARDaGrNYGYTF
2,CASSLGQ[RT]FYGYTF
2,CASTP[RQ]GVGYGYTF
5,CASS[PS]RTGANYGYTF
7,CASSL[SR]AG[AD]YGYTF
11,CASSLr[GD]RNYGYTF
17,CASS.[TG]g[SA]GANVLTF
2,CASS[AS]RTEYYGYTF
3,CASSvGAATlYGYTF
2,CASSTGQA[RI]YGYTF
2,CASSSP[RQ]GANVLTF
3,CASSLAgrSYGYTF
2,CASSLGQ[NP]SNYGYTF
6,CASSLGGRdYGYTF
3,CASsPgLDSYGYTF
2,CASS[DG]RTGGNYGYTF
3,CASSpQGsGANVLTF
2,CATSRDR[LV]SNYGYTF
2,CASS[GT]RDRGGYGYTF
2,CASSL[GF]GQVNYGYTF
3,CASSQDSA.YGYTF
2,CASSPPG[FT]GYGYTF
4,CASS[ES]GTGGrYGYTF
2,CASS[LF]EQGTYGYTF
2,CASSLD[QP]GLRYGYTF
4,CASSL[AD]GPNYGYTF
3,CASSqDaGTNYGYTF
2,CASSS[LV]GQGFGYTF
2,CASSYRGA[AP]NYGYTF
2,CASSLS[RP]GLGYGYTF
2,CASS[AL]VDRGYGYTF
2,CASSL[AM]GQGYYGYTF
3,CASSLvgSGANVLTF
2,CASSSGQG[WV]DGYTF
4,CASSLAGQGDGYTF
2,CASSYQGG[KS]NGYTF
2,CASSFLGQGA[DL]GYTF
2,CASSLRGQ[QL]NYGYTF
2,CASSFDR[GS]YYGYTF
3,CASSaGtLNYGYTF
2,CASSLAQG[SV]GYGYTF
2,CASSLLQG[DS]YGYTF
3,CASS.PGQGVYGYTF
3,CASSlgVGTNYGYTF
5,CASSQ.TGNYGYTF
2,CASSL[LT]PGGFYGYTF
2,CASSR[GS]PSGANVLTF
2,CASSLFR[PT]NYGYTF
2,CASSFTGG[AN]SYGYTF
2,CASS[TW]SGTDYGYTF
2,CASSLGQ[TV]TNYGYTF
7,CASSL[LP]SSGANVLTF
2,CAST[QY]LQGNYGYTF
2,CASS[RF]GPGQGYGYTF
3,CASSLEgAAnYGYTF
2,CASSQDRR[GF]YGYTF
5,CASS[PQ].SSGANVLTF
4,CASSPRGlGYGYTF
2,CASSP[AI]QGLNYGYTF
3,CASsgGAGANVLTF
2,CSA[AS]RGSGANVLTF
2,CASRSQGA[DH]YGYTF
4,CASSQt[TV]GANVLTF
2,CASSAR[DE]AGANVLTF
2,CASW[RG]QGAGANVLTF
2,CASSVGAGA[NL]YGYTF
2,CASSPLTA[RD]YGYTF
2,CASSDL[AE]GNYGYTF
2,CASS[PT]RDRVYGYTF
2,CASSQE[AR]GELYGYTF
2,CA[ST]SRSTGVYGYTF
2,CASS[QF]GTGGNGYTF
3,CASSPRRgvNYGYTF
2,CASSSSG[RQ]GYGYTF
2,CASSPDRG[AI]FGYTF
2,CASSIGPS[NG]YGYTF
4,CASSL[RL]GAGANVLTF
3,CASSPQggGDYGYTF
3,CASrRTGGgYGYTF
2,CASSLG[RG]GYDYGYTF
2,CASSSP[LP]TGNYGYTF
2,CASSL[AV]TGGGGYTF
2,CASSE[EV]AGANVLTF
2,CASS[ES]DRGNYGYTF
2,CASSSAT[NT]NYGYTF
2,CAS[ST]GQGTGANVLTF
2,CASS[AS]DRGLGGYTF
3,CASSQEvgGYGYTF
2,CASSSGQGD[DI]YGYTF
2,CASSLSTG[TV]NYGYTF
3,CASSLVRQG.YGYTF
2,CATSDSTE[TV]YGYTF
2,CASSP[AH]LDPNYGYTF
4,CASSLGGGaNYGYTF
9,CASS.G.SGANVLTF
3,CASSlwTENYGYTF
2,CASS[RL]ARGQGGYTF
2,CASSQADR[EG]GYGYTF
2,CASS[DY]SGGYDGYTF
2,CASSSGQ[AD]GANVLTF
2,CASS[LV]GPGGDYGYTF
2,CASS[KT]QGGGYGYTF
3,CASSyGTGAsYGYTF
2,CASS[NL]RDRVSGYTF
2,CASS[RP]PGQGASGYTF
2,CASSPGQGA[LS]YGYTF
2,CSVG[DS]YGYTF
2,CAWSV[RT]GRNYGYTF
2,CASSQG[NP]GANVLTF
2,CASR[HS]RDSGANVLTF
2,CATSREG[MV]DYGYTF
2,CASSQDTG[RL]SYGYTF
2,CASSSLG[GK]DYGYTF
2,CASSQ[LV]VSGANVLTF
2,CASSQEG[AW]NYGYTF
3,CASSLdRVnYGYTF
2,CAS[RP]SPGQGYGYTF
2,CSARPGQG[ND]YGYTF
2,CASSPNRD[HT]YGYTF
2,CASSYQGG[AS]GDGYTF
2,CASSLQGG[SW]HYGYTF
2,CASSI[SV]GRETYGYTF
2,CSALAGTG[NG]YGYTF
2,CASSRTGSA[NS]YGYTF
2,CASS[EL]SRQSYGYTF
2,CASSQQG[IY]GYGYTF
2,CASSL[PT]GQGYGYTF
2,CASSYSS[RT]NYGYTF
2,CASSPRG[QE]GAYGYTF
2,CASSFE[LT]GIYGYTF
2,CAS[NF]PGAGANVLTF
2,CASSL[QG]GTLYGYTF
2,CASS[LP]AGGAGGYTF
2,CASSPQG[AE]DYGYTF
2,CASSG[GS]LTNYGYTF
2,CASS[LV]DAGSDGYTF
2,CASSYSRG[FY]YGYTF
2,CAW[TY]PGQGAGGYTF
2,CASSLAGQGA[RK]GYTF
2,CSAR[DS]FRDGYGYTF
2,CASS[ST]QGQDYGYTF
2,CASS[RY]QGGGNYGYTF
2,CASSA[PT]GTAYGYTF
3,CASSSRDraYGYTF
2,CASSG[DH]RGGYGYTF
2,CASSQE[AD]GNYGYTF
2,CASSP[RP]EGNYGYTF
2,CASSFAGQ[NI]YGYTF
2,CASS[RT]GTGANVLTF
3,CASSytGLAGDEQYF
13,CASS.G[TD]gNTGELFF
13,CASSlGLAG.YEQYF
2,CASS[QH]VQGGGTEAFF
77,CASS..g[SG]SYNEQFF
11,CASS[RL]d[AY]SSYNEQFF
9,CASS.gQGaNTEAFF
2,CASSSRDRV[RF]TEAFF
5,CASSL[RL]GQGTDTQYF
28,CASS..Gg[MG]NTEAFF
2,CASS[RD]TSGGTYEQYF
2,CSVDSGSG[AS]GNTIYF
3,CASSLqeSNTGELFF
15,CASS.GLAG.ETQYF
6,CASS.GqSSGNTIYF
2,CASSGTG[LK]MNTEAFF
3,CASStLaGGPYEQYF
2,CASSV[DE]PLAPYEQYF
17,CASS[LF]G[QG]G.TDTQYF
3,CASSLpGqMNTEAFF
3,CASSFrGtGANVLTF
11,CASSL.G[LS]SGNTIYF
2,CASSPGV[AS]GANVLTF
2,CASSP[RQ]TGVTYEQYF
3,CASSlrTNSYNEQFF
9,CASS[QR]PG[QT]G[AV]YEQYF
2,CASSGQGT[TV]NEKLFF
2,CASSL[IV]GLAGETQYF
2,CASS[LY]SGGARTEAFF
2,CASSPR[DQ]TVQETQYF
3,CASRPgLAGaYEQYF
17,CASSl[EL]AGGYNEQFF
9,CASSLr[AT]GGTDTQYF
16,CASS.GLAG.NEQFF
9,CASSLa[GS]gNTGELFF
51,CASS.G[TQ][GS].YNEQFF
2,CASSPG[AT]GGRETQYF
2,CASSLGTGR[EG]ETQYF
3,CASSLGgqGAYEQYF
2,CASSPTG[RP]NTGELFF
3,CASSYSArGsYEQYF
4,CASSYSR.GDTEAFF
3,CASSltSGNYNEQFF
2,CASSS[NS]GGNSYEQYF
12,CASSp[TR]SGsSYEQYF
2,CASSLS[NT]GGQETQYF
2,CASS[ET]GTGVYYEQYF
2,CASS[IT]TGNMNTEAFF
10,CASSPR[TQ]G[ML]NTEAFF
2,CASS[EV]GGRASYEQYF
2,CASSLGG[GT]AIYEQYF
3,CASSlGAaTNEKLFF
2,CASR[RY]ATGSSYEQYF
3,CASSLaGGtTDTQYF
6,CASSLAGt[RG]NEKLFF
2,CSA[ST]PGTGSYNEQFF
2,CASSQ[FV]GRSSYEQYF
2,CASRARQG[QG]NTEAFF
3,CASSYSrGGgYEQYF
9,CASSL[PE]G.G[YG]NEQFF
14,CASSL.a[GS]G[TS]YEQYF
7,CASSsTG.SGNTIYF
3,CASSlAlGGNTEAFF
2,CASSSGTGR[AG]DTQYF
2,CASSLG[HT]GKTGELFF
2,CASSQE[AV]RNTGELFF
6,CASSpGLAa[ST]YEQYF
2,CASSLGQGY[RN]EKLFF
3,CASSIGQGAgnEQFF
2,CASSS[EL]TGASTGELFF
3,CASSQggGRGTEAFF
2,CASSLVAG[TW]NTEAFF
3,CASSpRdRRNTEAFF
3,CASSsLGLAGgEQYF
3,CASSprGSGTGELFF
7,CASSPSG[FG]SGNTIYF
2,CASSE[GI]VSSYNEQFF
8,CASSLv.GSGNTIYF
3,CASSeGRpSTDTQYF
2,CASS[PT]GGRAGEKLFF
4,CASSQD[LS]GGADTQYF
7,CASS[PF][ST]GGLSYEQYF
2,CASS[FY]SGSLGDTQYF
9,CASSgLAG[GV]SYEQYF
6,CSARDLAG[GR]TDTQYF
13,CASS.[GR]QG.TGELFF
2,CASSI[EG]TGFSYEQYF
3,CASSqGqGGAYEQYF
3,CASSLgGRsSYEQYF
2,CASSVGGA[NP]TDTQYF
3,CASSLdGTSdYEQYF
3,CASSLeGtGGYEQYF
6,CASS.GQGArETQYF
2,CASSPGLAG[ST]GELFF
6,CASS[LA]lQGmNTEAFF
4,CA[ST]SRDRGGTDTQYF
11,CASSL[AV]GG[PT]YNEQFF
2,CSASGGLAGS[NT]EQFF
3,CAsSsRTGLNTEAFF
5,CASSETSGvTDTQYF
15,CASS[LF]GG.NTGELFF
2,CASSSG[DH]GSGNTIYF
2,CASSPLDD[PS]TGELFF
2,CASSPRDRG[RH]TEAFF
2,CASS[PT]RQESSYEQYF
3,CASSLrLAeYNEQFF
3,CASSySgGGYNEQFF
2,CASS[FP]GTRMNTEAFF
2,CASSFKSGG[AT]DTQYF
5,CASSqDRG[LG]GETQYF
4,CASSPGQGRGETQYF
2,CASSPSR[RY]SGNTIYF
3,CASSPpGeSYNEQFF
3,CASSPlAaSTDTQYF
2,CASSQD[PW]GQQETQYF
3,CASSPgTGnTDTQYF
2,CSAR[AV]AGGSYNEQFF
3,CASSLLAGG.YEQYF
3,CASSPgLGsGNTIYF
2,CASSQGA[AT]GNTEAFF
2,CASSSG[RG]GRDTEAFF
2,CASS[LY]SARANTEAFF
2,CASSLVGR[AR]SYEQYF
10,CASSlGTSGsyEQYF
2,CASRSLA[EG]GRDTQYF
6,CASS.LAGgTGELFF
3,CASSgTSGStGELFF
2,CASSLVGQ[LV]NTEAFF
2,CASS[YV]GGTMNTEAFF
2,CASSLVG[RT]GGEKLFF
2,CASSLNRV[SV]SYEQYF
4,CASSPTG[LS]GSYEQYF
2,CASSP[RK]LAGPYEQYF
3,CASSQtAnSGNTIYF
4,CASSPLAGTYNEQFF
2,CASSPR[DQ]TGTDTQYF
5,CASSLgPSG[PT]YEQYF
2,CASSPLG[ET]SGNTIYF
2,CASSLTGT[AL]NTGELFF
2,CASSPGQG[IT]SYEQYF
4,CASSLPGT[NG]SYEQYF
2,CASSPPGG[KV]NTEAFF
2,CASSLAR[GH]STYEQYF
4,CASSf[QS]GTANEKLFF
6,CASSpG[RQ]eNTGELFF
3,CASSLsGTSsYEQYF
2,CASSPMRG[EG]YNEQFF
2,CASS[QI]VGTANTEAFF
3,CSAPssGGAGGEQFF
2,CASS[RQ]GTGDRETQYF
5,CASS.T[SG]GGTDTQYF
3,CASSlSGTSgETQYF
2,CASS[QT]SGRNTGELFF
2,CASS[LV]LGATNEKLFF
4,CASS[QL]VAGTNTGELFF
6,CASSL[TE]PGsSYEQYF
3,CASSeLAGGpDTQYF
2,CASS[AS]GTSDTDTQYF
3,CASSdSgGITDTQYF
4,CASSVGLAGTDTQYF
3,CASSLGSlmNTEAFF
2,CASSS[LP]RSSYNEQFF
2,CSARDLAG[AG]QETQYF
2,CASSL[LT]TTAYNEQFF
2,CASSQ[GL]TATNEKLFF
4,CASSaRRGNTGELFF
4,CASSLsGGGTDTQYF
2,CASS[DQ]ASGSSYEQYF
2,CASSSAGTG[AR]ETQYF
3,CASSVAGGP.DEQFF
3,CASSLGGirTDTQYF
2,CSA[RS]LGLAGAKTQYF
4,CASSLTGG[LV]NTEAFF
4,CASSLGSSGQETQYF
2,CASSSIAGA[DS]YEQYF
5,CASSPP[RW][GA]GSYEQYF
5,CASS[LY]G[AR]NSGNTIYF
2,CASSRTG[DG]NNEKLFF
2,CASSAGTG[WY]TGELFF
2,CASRPTSG[FP]YNEQFF
2,CASSL[PV]GTGGTEAFF
6,CASSLTg[GQ][GS]GTEAFF
4,CSARDRTSG.YEQYF
3,CASSlGqGYQETQYF
2,CASSSGRV[AF]QETQYF
2,CASSLN[EP]GQNTEAFF
2,CASSQRTG[DG]GNTIYF
2,CASSLDR[RT]GPYEQYF
4,CASSLtGAGANVLTF
3,CASSLqgAGTDTQYF
6,CASS[LV]aGGGQETQYF
2,CASSK[RK]DRGNTEAFF
2,CASSVVGL[GS]NTEAFF
2,CASS[ST]GQGSQETQYF
5,CASS.ELA[AV]YNEQFF
3,CASSLrGQGlYEQYF
3,CASSrDRGrGTEAFF
5,CASSPRG[QG][AG]NTGELFF
4,CASSLGPT[RG]YNEQFF
3,CASSPrsGGKETQYF
2,CASS[LS]RLAGVETQYF
2,CASSLQGARG[ND]EQFF
6,CASSyS[YS]GGNTEAFF
2,CASS[DV]GSGSTDTQYF
4,CAWSVPRGRnTEAFF
4,CASSLLAGA[ST]YEQYF
3,CASsFLaGGAYEQYF
3,CASS.RGRGNTEAFF
5,CASS[LQ]GQANTGELFF
3,CASSRGdaTNEKLFF
2,CASS[RF]GLAWTDTQYF
2,CASS[QY]GLSSGNTIYF
2,CASSQAGHRG[NY]EQYF
2,CASR[ST]TSGNTGELFF
6,CASSPGTSG[GK]ETQYF
2,CASS[LV]LGQANEKLFF
2,CASSSRTG[FS]YNEQFF
2,CASSP[AL]GVTNEKLFF
2,CASS[IP]RDSSNTEAFF
2,CSARAPGG[AK]TGELFF
3,CASSsAGaLNTEAFF
3,CASSYstSGQETQYF
3,CASSLrGlGANVLTF
2,CASS[RP]GTGGGEKLFF
2,CASSQDGDG[RL]YEQYF
2,CASSLR[GI]GHQETQYF
2,CASSLRASG[NS]NEQFF
2,CASSVG[PT]GATDTQYF
2,CASSP[RS]RTSTYEQYF
2,CSAS[IF]AGGPSDTQYF
3,CASSVGtSGiYEQYF
2,CASS[SY]DRGTGNTIYF
2,CASSLGGG[QT]ANVLTF
2,CAS[NS]GLAGGTDTQYF
2,CSARDWRG[EV]YNEQFF
2,CASSP[RV]GAMNTEAFF
2,CASSLAGR[AD]TGELFF
2,CASS[DP]RTVNTGELFF
2,CASSTRTGV[GS]YEQYF
3,CASSpqGSTNEKLFF
2,CSVRRTGS[AL]DTEAFF
2,CASS[LP]DRGTRETQYF
2,CASSPS[ES]GRGNEQFF
2,CASSIGTGV[LP]YEQYF
2,CASS[QP]PAGAAYEQYF
2,CASSL[KW]GGSYNEQFF
2,CASSRLTG[CG]LEKLFF
2,CASS[DH]RTGSGNTIYF
2,CSAS[QL]AGPSTDTQYF
2,CASSRT[HV]SSYNEQFF
2,CASRRL[AT]GGAETQYF
2,CASSL[AT]GTGVTGELFF
2,CSA[DP]GTSGSYNEQFF
2,CASSVD[QS]GGNTEAFF
2,CSARV[LV]GRQNTEAFF
2,CASS[AQ]DRASTDTQYF
5,CASSLGTGTNTGELFF
2,CASSQGT[LS]GLYEQYF
2,CASSP[RP]SASTDTQYF
2,CASSY[RV]ARSYNEQFF
2,CASRPGQ[AP]NTGELFF
3,CASSaGQGtGNTIYF
4,CASS[QI]GLAGSDTQYF
2,CASSVR[GS]TSTDTQYF
2,CASSL[GT]LDRYNEQFF
2,CASSQE[LK]DRTDTQYF
2,CASSLSSG[ST]SYEQYF
3,CASSYggGSSYEQYF
2,CASSLAGQ[RH]NTEAFF
2,CASSFFGG[PT]KNIQYF
2,CAS[RK]MGAQVRETQYF
2,CASS[QP]GLAGGYEQYF
2,CASS[NE]RVGSGNTIYF
2,CASS[SV]LPGGTDTQYF
2,CASSLEG[RQ]AGNTIYF
2,CASSF[QL]AGGRETQYF
2,CASS[RP]LRGSTDTQYF
2,CASSLDS[GT]SGNTIYF
2,CASSPP[AG]RMNTEAFF
2,CASSPGGG[GF]KETQYF
2,CASSSPGQGI[HY]EQYF
2,CASSLSGGA[AS]DTQYF
2,CASSTNRD[AT]TNEKLFF
4,CASSPGGTG[AS]YEQYF
2,CASSLGG[DT]PTDTQYF
2,CASSQD[RH]SSYNEQFF
2,CSAR[GT]PGTVNTEAFF
3,CASSQG.GGTYEQYF
2,CASSLQ[RT]GAAYEQYF
3,CASSStGGrNTGELFF
2,CASSSNR[EV]ATNEKLFF
2,CASS[IS]GLASTGELFF
3,CASSLrLaGTGELFF
2,CASSTGTG[AS]TGELFF
2,CASS[QV]GHLSGNTIYF
4,CASSYSGQGAYEQYF
2,CASSPLAG[AR]DNEQFF
2,CASS[RP]ASGRTDTQYF
2,CASSFS[FS]GGTGELFF
2,CASSPR[QT]GGLYEQYF
2,CASSPN[GS]GTSYEQYF
3,CASSpAGGlNTGELFF
2,CASSIST[FS]SYNEQFF
2,CASS[RK]SGTGPYEQYF
2,CASS[QS]QGGIGNTIYF
2,CASSQGA[SV]SYNEQFF
2,CASS[GP]TSGSTDTQYF
2,CASGLALGQG[GV]DAGGLAQHF
2,CASSL[DI]WARTDTQYF
2,CASS[HY]LRAGNTEAFF
2,CASS[HY]RVSSYNEQFF
2,CASSES[ST]GGYNEQFF
2,CASSYPQGA[KS]TGELFF
2,CASSLA[AV]GVQETQYF
2,CASSPPGG[LP]YNEQFF
2,CASSPEVGT[AT]YEQYF
2,CASS[RN]TGTASYEQYF
2,CASSL[TV]AGGNEKLFF
2,CASSLEQGA[LY]NEQFF
2,CASSP[PT]SGSPGELFF
2,CASSRGQG[RD]AYEQYF
2,CASSL[ET]GTGTREQYF
2,CASS[RY]GQGPSYEQYF
2,CASSQEVR[EP]TDTQYF
2,CASSLPGQG[FY]TGELFF
2,CASSPT[RG]DSYNEQFF
2,CASS[TW]PGTGVYEQYF
2,CASSFAG[EG]GYNEQFF
2,CASSF[AM]GTSGNEQFF
2,CASSLGPG[QH]QETQYF
2,CASSP[RI]QGSGTEAFF
2,CASSSPGGL[EG]DTQYF
2,CASS[LF]GRAPQETQYF
2,CASS[QP]GDRGLDEQYF
2,CASSPLGVA[RG]NEQFF
2,CASSQGLAG[EV]ETQYF
2,CASSQP[LP]RGSYEQYF
2,CASSQG[RG]GAAETQYF
2,CATSDP[KT]TGGETQYF
3,CSASlAGGPtDTQYF
2,CASS[DY]RDRGNEKLFF
2,CASSPP[RS]RPNTEAFF
2,CASSL[RT]NRGLYEQYF
2,CASSSRGSG[GY]NEQFF
2,CASSPQ[RG]ANTGELFF
2,CASSVGGG[GP]NTGELFF
2,CASSLGT[LK]AKNIQYF
2,CASSPLGG[RQ]TDTQYF
2,CASSLEG[GL]GTGELFF
2,CASS[SV]AGASTDTQYF
2,CSAP[LT]SGRTYNEQFF
2,CASSLDR[DV]MNTEAFF
2,CASSQ[DE]ETGGYEQYF
2,CASSLASGG[PV]DTQYF
2,CASS[LP]WTGGTGELFF
2,CASSHSGR[AR]NTEAFF
2,CSARD[LT]GGRSTGELFF
2,CASSSRTSG[RW]DEQYF
2,CSASSSGRAGGE[QL]FF
2,CASSLSGG[LS]GDTQYF
2,CASSLGT[AP]YTGELFF
2,CASSP[IP]ASSYNEQFF
2,CASSYPGG[AP]NTGELFF
2,CSV[KT]LAGGLGETQYF
3,CASSLARrGgTEAFF
2,CASSSGQG[LF]GNTIYF
2,CASSPPTSG[FT]YEQYF
2,CASSPDRG[MP]NTEAFF
2,CASSPG[GT]GATNEKLFF
2,CASSVGTSG[RT]TGELFF
2,CASSVT[AR]RATNEKLFF
2,CASSLF[SY]GANTEAFF
2,CASSLGG[PT]GTNEKLFF
3,CASSLeGGGsYEQYF
2,CASS[TY]GGGYYNEQFF
2,CASS[QK]RTGGQETQYF
2,CASSLGG[QV]GGNTIYF
2,CASSAG[HL]ENTGELFF
2,CASS[AS]GTGGIETQYF
2,CASSP[QL]AGQNTEAFF
2,CASSPGQG[AR]HNEQFF
2,CASS[AK]LAGARNEQFF
2,CAS[KT]RQGNSGNTIYF
2,CASSRD[RL]GTNTGELFF
2,CASSS[DQ]AFSGNTIYF
3,CASSLeGGsWETQYF
2,CASR[AT]SGSRYNEQFF
2,CASSLAGR[GT]DNEQFF
2,CASSDGDR[GT]NTEAFF
2,CASS[QY]LAGGGNEQFF
2,CASSQDR[RP]GNTEAFF
2,CATS[RS]VRGSGNTIYF
2,CASS[FS]PGTTNTGELFF
4,CASSVAGGSYNEQFF
2,CASSLSWG[GK]TGELFF
2,CSAR[PT]GGVNTGELFF
2,CASSIDG[QI]SYNEQFF
2,CASSL[AV]GASSYEQYF
2,CSATGTSGG[RI]DTQYF
2,CASSPRG[RS]STDTQYF
2,CASSL[GL]GQGNTGELFF
2,CASSL[RP]AGGPGELFF
5,CASSFSGR[GR]TDTQYF
2,CASSPQG[DM]SSYEQYF
2,CASSLF[GL]GSSYEQYF
2,CSARS[PS]SGRTDTQYF
2,CASS[AY]GGQNTGELFF
2,CASS[ET]TGQGGDEQFF
2,CASSQD[HI]GGYNEQFF
2,CASSRG[RQ]TSGNTIYF
2,CASSE[AS]LAVQETQYF
2,CASSSIAGG[QT]YEQYF
2,CAWSVG[PV]SSGNTIYF
2,CASSL[IF]GTAQETQYF
2,CASSSPGT[AE]YNEQFF
2,CASSLRTG[GP]GETQYF
2,CASSL[EG]GRGREKLFF
3,CASSqGGgTYNEQFF
2,CASSPQ[QT]GRTDTQYF
2,CASS[QV]TSGVYNEQFF
2,CASRP[FP]TGTAYEQYF
2,CSAS[IM]TSGSTDTQYF
2,CASSQV[QL]AGPYEQYF
2,CASSPQAG[AG]SYEQYF
2,CASSPRG[AR]GVTGELFF
2,CASSLGLAG[EP]SSYNEQFF
2,CASSLEG[WV]FSGANVLTF
2,CASSQ[DE]GLAGGLAKNIQYF
2,CASSQG[ST]GTGLNYGYTF
2,CASSLGGTS[AV]TSTDTQYF
2,CASSLRAGTG[RS]LNTEAFF
3,CASSQDQGLAG.TDTQYF
2,CASSV[RG]PLAGAGETQYF
2,CASS[RV]GTSGSRSSYNEQFF
2,C[AT]SSQDPRDRTPTNEKLFF
2,CASSLDQGGS[NG]SYNEQFF
2,CSARDRVGLAG[AV]YNEQFF
2,CSA[NK]GGGTPKSGDSPLHF
2,CA[RS]SRLRPSGGALGELFF
2,CASSQN[IL]AGGPGYNEQFF
2,CASS[LK]GLAGEGPYNEQFF
2,CASSLGRT[DE]YSNQPQHF
